x1,x2,x3,y
0.0077246521097129595,0.029271802259098978,-0.976566446119099,-3.422158763243646
-0.17138633145288007,1.0,0.6943863943863418,8.644012170210338
0.841486929064363,-0.6372646031780005,0.061736977745222354,1.3757010717004912
-0.7747075410635842,0.7259041013054914,0.16977743789654864,-2.9280369137054727
0.2312265505420481,1.0,-0.23702485663935313,9.64306940626426
0.7626759076889469,0.5023084853610531,-0.17260831921145248,1.6278544608275118
0.5441393948812085,0.5171519988457249,-0.27584417270413186,1.270743521483211
-0.8670151380935089,0.21724974511735518,1.0,2.9968700165542663
-1.0,-0.04051566402869766,0.10232495828075905,-4.82239667134918
-0.2685246921037503,-0.8808385376438113,0.5031666839292279,1.27305197672811
-0.11203052676454561,-0.3273331041070382,0.9795376697560769,0.02363748040100433
-0.189462375542911,1.0,0.5857842184700153,8.293175262146582
0.5081765030148766,-0.02985535271720008,0.6900232295806861,0.24995725007145164
-0.019614612864243153,0.04347177258010171,-1.0,-3.692868857423973
1.0,0.26517844481509867,-0.41891874277970076,4.5977901973197515
0.5349287371649822,-0.5962803112317172,-0.6746839199467367,-0.6544872539040696
1.0,-1.0,-0.7332368083757776,-15.236882673466773
1.0,-1.0,-0.6231895102909577,-12.212398523016905
-1.0,-0.3654345335341531,-0.13130242401524073,-2.8009104433128136
0.07100212017029461,-0.7886238287728815,1.0,-3.101221897925746
-0.19587605713611134,-0.3536561192023093,1.0,0.3898302286980604
0.5164085912307508,-0.5672340880699291,0.7157308340834139,0.8233658241538437
1.0,0.12146150263609057,-0.08127931950821887,5.152725268187833
0.09078255889993803,0.2777346555547884,0.3942207080033233,0.9713269519393152
-1.0,0.6015781707078025,1.0,6.60792404097158
0.3219248561739456,-0.37700284372119297,0.7026168431878774,0.8781909241854533
0.1644164255315117,0.3680492897171228,-0.42951437100857914,1.4653328036826632
0.20813520278949538,-1.0,1.0,-7.795546028359632
-0.13072968490067405,0.0014629383109292515,-0.09399486644175736,0.2896780930792121
0.31207056171500813,0.4178894472919994,0.16146941318335672,1.746307795550678
-0.6164386021374819,0.4656248640971612,-1.0,-0.61148356393392
-0.3780616195871167,-0.7346083029539889,0.2810512449159708,1.393236712327445
-0.8284859798807502,-0.4487448145603634,0.21601099833578008,0.6257305674429745
-0.20035594158213144,0.23001503290187042,-1.0,-3.411688801688638
1.0,-0.7863748515120104,0.04406392517092361,1.5399490560202842
-0.5155291306150436,-0.25504319290801813,-0.6867776945336372,1.5398071641490654
-0.5406079880369801,-1.0,0.720478394867822,2.2806815732126
-0.7159493901481437,-1.0,-1.0,-5.778102566657645
0.12023508988646325,-0.28695217124053984,-0.4103184491290155,1.4043315167713843
0.5247977718773937,-0.04921795387458383,-1.0,-2.5909159000855535
0.15271422477313634,-0.6422239457385035,-0.04946768949334479,1.240613792370393
1.0,0.06645012527041971,0.4872055205399146,7.1393008468255905
0.5551799238004154,-0.339261999410555,-0.6694066659588243,0.7888943297133659
1.0,1.0,0.09523121075409313,13.109916715612169
-0.9034360480170285,0.7775670636536818,0.9954285363240085,9.615080743976925
-0.11160544407661321,-0.03504983517547311,-0.4757106517698626,1.0555300905840213
-0.7137786774731647,1.0,1.0,16.869170804591665
-0.6439200822475779,-0.47166922659390065,-0.27031637079128545,0.8256964965086545
-1.0,-0.9547525782337154,0.9854585294221692,20.43558592084043
0.3086686837298438,0.9371703342170241,-1.0,1.7452374032658688
0.3948533535408363,-0.3320772191611723,0.0366853782303076,1.4010239947076102
1.0,0.8757410442324567,-0.5215577193256604,12.226756146220117
-1.0,0.32015365419299147,-0.7810915237707934,4.993575650089546
0.7789559233235952,-1.0,0.16985294043090304,-2.4180055548936794
-0.15924281680449726,-0.2559183215158536,-0.16679821157830932,0.3494136902522157
-1.0,0.052840101292705555,0.3433137032194373,-4.147968442686997
0.3177018343221574,0.6529448870589614,0.6703261334116386,2.835594575773856
-1.0,-0.44750484504528454,-0.013273121234580465,-1.724335198461847
-0.318857620742393,-0.8469515564535406,-0.3605975089940956,1.8314893897484457
-0.507145388729972,-0.6031259164789178,0.3996895730846486,0.9317416292435773
-0.1668660545148395,-0.03725840984064699,-0.3834973337470782,1.1564266642099181
0.9668153843109484,-1.0,-1.0,-29.294250721428668
0.9359216215936634,-0.10462084304051711,-0.7012700066226922,4.748514356886197
-0.31493186500418346,0.23335811585449173,0.5107452533035841,-0.36605757409478074
-0.4927818655061358,0.5284742644206801,0.026009421026026214,-2.0154961710556814
-0.9358686872840445,0.3275797517526986,1.0,3.8088813986784213
0.8035346788212516,-0.2113571999843078,-0.9685686513039593,-0.6917837497534043
0.32001486492112496,-0.056658776403337496,-0.7383198715409365,0.7931463001237122
-0.7329086296507039,1.0,-0.34171871563234224,5.574128044277664
-0.2378454201519986,-0.6918181962289041,0.15686802903493002,0.9088969919731176
0.8262234410243277,-0.2312398573654073,1.0,2.3247558452919184
-0.002253573547622345,0.6599283087917349,-1.0,-4.105998239739308
0.45652414964739907,0.32030732180982757,0.8203862653686083,1.131742078854371
-1.0,-0.7607385452360129,-0.25022790542444584,2.940753675260303
0.3478672657657105,1.0,-0.5910446514025112,11.452123969281399
0.1599094673992536,0.6178282937861852,-0.2155733108313953,1.0839264518022258
-0.02967660008151274,0.9297972323438743,-0.3204694257874956,5.639601979454205
-0.020238394526494563,0.6172199549498372,-1.0,-3.7591383444940774
-0.2188779787402957,-0.280271684052789,0.32738588355318265,0.9185257946507667
0.6036374668539788,0.03337702319501923,-1.0,-1.7911851101679965
-0.8686152003479723,-1.0,1.0,10.58972575461094
0.18017151844335078,-0.41292604379602915,0.17392677135647983,1.3962977729790007
0.46349446122970317,0.5066125486143609,0.47102154478952696,1.9445421220386456
0.5873506153610584,-1.0,0.29562302451216516,-1.179006973618745
1.0,-0.20829241425931855,-1.0,6.29166094907389
1.0,0.5479112338239125,-0.32894396181885344,5.065030689619173
0.17031897428745824,-0.7462626679927837,0.34320036898037,1.177884886807421
1.0,-1.0,0.2667617012187895,-7.974999422167526
0.1358742196921039,-0.7527065651803386,-0.9944823506771838,-8.867784409200699
0.7587922033180152,0.37163154453536773,-1.0,-0.19340032607560365
0.021411957246768143,-0.7916449621445019,-0.02950039577763164,1.9358593313947252
0.306491479130961,-0.884502858433085,1.0,-5.621659018341699
0.44085989310705154,-0.29912281567815646,-0.7160232898423908,0.2176345967394383
0.5173905544841928,-0.09530034770683371,0.33245434036417576,1.338480332851064
0.7748639758188212,0.3513295638863667,-0.5822450053158721,1.6036850472081774
-1.0,-1.0,0.6528509924709742,13.805946345824834
0.21445849737695366,0.7818271942739141,0.14819529005036447,2.5497352726322755
-0.8518636122712069,-0.5101082561224564,-0.2247744812259922,1.14344097654867
-1.0,-0.05042057010738343,-1.0,10.024114349409917
-0.08961452771952638,0.5141048503941867,-0.48795919328524184,-0.3496484745009032
-0.46187017052393053,-0.12765447235151828,1.0,1.7308164332088174
-0.47773176604238143,-1.0,-0.29664227183669767,4.01197180865039
0.5857259797778602,0.09128827418949248,0.8616009591692022,0.8110967345493418
0.7684460703153118,-0.40206788818038874,0.9403882503192944,0.3120815248386225
1.0,0.3764736263449129,0.28521630943857645,6.720313696328456
-1.0,-0.8353849969854279,0.6445212692218938,10.204251057444655
0.17578941091137512,0.8198858830445543,0.7962296618434834,4.140645499762272
-1.0,-0.18045051740534568,0.3123025001108257,-3.1366454652803943
-0.2360774670713619,-1.0,0.6068196484996065,0.7185808685173302
1.0,-0.6682920820670533,0.5768073707655432,3.725112880292714
0.12276754929619638,1.0,-0.37661450140488206,9.193807739207392
-0.021424617336917917,0.0773294284565087,0.9798503992666336,0.5875535098281521
-1.0,-0.07368899303109067,0.7181505407519062,-1.9657490521251892
-0.0755651636903023,0.3139613235603915,-1.0,-2.737068365249741
0.7325088469541232,-0.7736435090311402,-0.4688201228787108,-0.013332554022535331
0.34853822808793633,-0.38513997313153037,-1.0,-5.334405598173563
0.15353412034399705,-0.006999200938007322,-0.16222756852180487,0.9876161433811826
0.7341318260282679,-0.1526446202721421,-1.0,-2.2414323294975285
0.8697697386414169,-0.708897555889858,-0.3585762917930493,2.231319494012004
-0.6966409470015242,0.5596926658037988,0.367297854429371,-2.2445193021680416
0.40376417275878707,-0.12220166807368615,-0.7719827583032095,0.3874474380280843
-0.02418022177677992,-1.0,0.5337217356364232,0.676981533057836
0.5264734040648176,-0.8457467854141993,0.5183899375754484,0.8488020947142156
-0.6984755251400729,-0.3816709602360604,-1.0,1.1141894377018564
-0.3126709152525766,0.8963869114334886,0.18901183224333296,2.0256589170044945
-0.6049468098949478,0.4518001353516836,-0.11227650273574774,-2.0987090482202992
0.651028675280052,-0.4076102498033334,1.0,-1.8728999316638608
-1.0,0.9342919917326693,1.0,15.373697817875827
-0.5187706089553905,-0.09393117303261778,-0.14492626190372992,-0.011470029346526772
0.2804723352253635,1.0,0.3743166954966679,7.278093271180942
0.9075512509065016,1.0,1.0,20.662089835143682
1.0,0.6208927127546064,0.856728955619585,17.46501172142271
-0.08453066634536555,-0.25030421456060026,-0.2887465437897676,1.0556620228796454
-0.22205518770259536,1.0,0.27108046714083045,7.418361056995883
-0.4291486044362165,0.06506949594205924,1.0,1.5116083455277163
-0.5254367004279308,0.7136445204700772,0.29702395440885754,-0.6851985214943266
0.1663864950845988,-0.5869227278531723,-0.6358813041801448,0.19025114815018668
-0.11936764703609093,-0.7166172671097244,0.7285217656800271,-0.9488810951926335
-0.7218368007487568,1.0,-1.0,2.126662574795909
-0.49249022003175336,-0.36560456131126196,-1.0,-1.6438564029642562
-0.2724301910472433,-0.2212714476716715,-0.012076405059249895,0.663820484177194
-0.3599212763699744,-0.6305498764700341,-0.1968916806165013,1.8686772659932567
0.05356313873637464,-0.5173052873338013,0.2205519553272055,1.2940694867530058
-1.0,-0.46191841373398046,1.0,7.881160034906256
-1.0,-1.0,1.0,22.254412119389308
-0.419380227027502,-0.25855844779408166,1.0,0.7477017665426932
0.8092533676894575,-1.0,0.21988979237667183,-4.041053569401601
-0.1944706825053122,-0.2768819228433157,1.0,-0.19179269499082646
0.9752267333955802,0.15453724727589258,0.23097202646261916,5.682603336018669
-0.9743587484322462,-1.0,0.05927220103777042,9.054096485582374
-0.40858706239200115,-0.9031838581066389,0.1277891804008442,2.9432186957400193
1.0,0.8611205424602453,-1.0,22.86935485858589
-0.32554106715764464,1.0,0.46127948890170334,8.148915903862964
-0.008325549871288196,-1.0,-1.0,-17.441479048991667
-0.09894559967905003,0.7276183085188086,-0.04108891373135748,0.6165159353475018
0.15376486978949377,-0.3283231600594745,0.4484901403715882,0.1222468752084831
-0.007736230477197958,-0.8756307310142368,-0.8508473484422436,-5.3549113006071165
-0.6433023130615021,0.18060083311759567,1.0,1.2283837783731024
-0.47275258057562786,-0.876528110643559,1.0,-0.40058119069541104
-0.17174329536745692,0.19030329550857328,-0.9518389693469689,-1.5405212284997947
-1.0,-0.510349487843047,0.38909543682247505,0.05464766483525206
0.7630348146976678,0.7294236176435132,-1.0,2.4271974728387633
-0.5065172894455814,1.0,0.18349726300844083,5.035140154219412
-0.2750011798191465,-0.06091914555633471,-0.2810066063052892,0.31092760721642854
0.20222968852952894,-1.0,0.303430139609258,1.5219830366284979
-0.23428831041604647,1.0,-1.0,2.19202295685702
0.4682718183597576,-0.978222683356365,0.30203202079010616,0.5577964825106758
1.0,-0.8138519902922317,0.28407950502621726,0.10082633323808116
0.30041555721438473,0.16997483185480955,0.8687497474452917,-0.4883627775263728
0.07452354584337662,0.9034156300915901,-1.0,-0.19720687357010003
0.8019460715108593,0.8021988777956282,0.1113961928738132,4.39986028361682
1.0,-1.0,0.3399084423823815,-6.41239054419648
-0.33957319598784896,-0.33078420732568614,-0.03819419010100811,-0.5957335641254938
1.0,0.6539023477980386,1.0,25.250552329011896
-1.0,0.5868016424926683,1.0,6.0048717998123236
-0.09176076065423366,1.0,0.8930293382439076,11.19553876004452
-1.0,1.0,0.6881936719917723,1.2002968226152269
-0.8433362986581878,0.10736567092859217,0.1868072427557843,-2.1855657972481115
0.7245812865216206,0.6695333822859026,1.0,9.397441215306067
0.4533898002281662,0.340553690700268,-0.8813028121751738,-1.17355573878105
-0.1902331936911228,0.06039877991650422,0.8117645098372948,0.4089252823609153
1.0,1.0,0.482555557162583,14.047633387493049
1.0,0.38513659033195236,-1.0,12.098505247350946
1.0,0.4023574838323998,-0.6076140021983594,5.265908171056476
1.0,0.8122821583402693,0.6079622466878256,13.640818280971706
-1.0,-0.2680722722402815,-0.19817599057130897,-1.9563602167520866
1.0,0.4402780944889164,-0.6017513434247925,5.36495726132846
0.496309174081375,0.18346939683332475,-0.06976695419348977,1.4178221578325971
-1.0,-0.9506413958751365,-0.5334111093123963,4.8289217026325115
-1.0,-0.20992779290701558,-0.9675872797142386,6.845649218136836
0.8456499643651514,0.10030526022884878,-1.0,1.6759768972593563
-0.9387604663815943,-1.0,0.8195204421916309,14.223502073999526
0.8807164489565533,-1.0,0.7478054821262416,-4.9954535798610555
0.21556244295555071,-0.12377216996549456,-0.7115630532968071,0.27832805518013815
-0.10918639688024467,0.1711343228937574,0.10124615095005551,0.14754679542153418
0.1437151577965845,-0.022250372157094356,-1.0,-3.0518545817350855
0.7556779543075431,0.3045458554708613,-1.0,0.9442154043543489
1.0,0.1159834168578775,0.02261428376995278,4.92153279539988
-0.5175876132486097,0.05380566097944728,0.5773371254804152,-0.970979822169824
0.7059894190804621,0.4310046648236594,-0.9092951159858476,0.48875945889740546
0.0932942777746184,0.7415658231782263,0.8585919439832566,4.112222568451245
1.0,-0.3428174740652312,1.0,6.80789902091861
-1.0,-0.6102973623703185,0.23218547388588395,0.962244072350277
-1.0,0.9927201391290608,0.2826288129308743,3.4266213079315637
-0.7366516248669475,0.8596375608902727,0.22360779863181457,-0.7519719184758376
-0.5973612319069495,-0.17501353444984247,-0.4961763084116193,-0.23653259590123815
-0.15376293146118325,0.18868576286574323,-0.2670033033686343,-0.18392618638298122
0.7486414838195099,-0.16796166216792163,-0.10621463164747524,1.1830039761919497
0.9903119845413446,-0.07051712924373632,-0.19989828248701236,3.99021575188529
1.0,-0.11669161774386683,-0.06182348136440341,3.820112870000851
0.8856879051652553,0.0906573336748786,-1.0,3.1779355052130325
-1.0,1.0,-1.0,21.94546882641754
1.0,0.5484393629054016,-0.07866836182460135,6.299183275994351
-0.9851622726587734,0.0033429100661530597,0.9429142122140237,1.499350300340231
1.0,-0.17066633290860533,-0.5784902614569931,5.142812201233618
0.45638455236871844,0.9708317352170583,0.04440510888267868,6.1580128042149616
0.26004242823751467,-0.6699486493561144,-0.4866184234305808,0.4609058745220145
0.015744175272039973,-0.8786148240847804,1.0,-3.8719166255200914
-0.9981523974407616,0.7388718757888395,-1.0,18.76071818561116
-0.9692125271532148,-0.5714853139837304,-1.0,5.618283037548143
0.07982186395904667,-0.8706952424916761,0.7661325290837921,-1.9102081048632313
-0.5423572388106548,0.149099785432123,-0.08058040127822896,-0.950993442129667
-0.20513430564244306,1.0,-0.8632426959493509,6.455290668159389
1.0,-0.7589936153455645,1.0,0.04050517771912229
-0.5980326990779157,-0.8345896587520334,0.07312923116405634,3.9331403337884465
-0.21305980931324742,0.5924012808648382,0.6927296284876221,0.998765689408968
-0.6281542547307941,-0.39205854408340324,0.35690146384119537,0.8962919605081157
-0.19469097810375136,0.4357586657796011,1.0,3.1521843623629775
-1.0,0.382454770499145,-0.011243615268188734,-4.425659142093652
1.0,0.7964948999742123,-0.17423513136893765,8.217881021474657
-0.8102984837701677,0.40913605756293525,-0.4203275258756394,-1.8372742566691151
1.0,-0.6040890860143271,-1.0,-0.696177475800082
-0.18251480043674206,0.696198899653772,-0.09786978802830482,0.8239804281845651
-0.13782242486337792,-0.18463395096444168,0.03983536701036061,0.45367518654731287
-0.8585007100665409,0.9300133259230949,-1.0,6.0723393445726055
0.05795218048770412,0.2054495341164273,0.4073629368115843,0.5120051822335995
0.11650600845516923,-1.0,-0.790876504985407,-7.408581031217865
-1.0,-0.07606185611202387,-0.28978062472565647,-2.9782316078693
-0.05607825415863332,-0.9024565346488118,1.0,-3.6084163344587803
-1.0,0.9986708355925529,0.30025106773870247,4.215266436021224
1.0,-1.0,0.09248550859544702,-7.705302325029372
0.3654824800321541,0.6878692303873746,1.0,5.7338604860945415
0.5532100479322162,0.5295380747045948,0.10819199291207049,1.4094403694927158
0.8112971206747295,-0.4259813364066003,0.6671750825206035,2.723528116954985
-1.0,-0.23406435262492598,0.13033607455772533,-3.9745398537267627
0.13755461847230044,0.7389444209062093,-1.0,-3.469268020297286
0.38551715950026355,-1.0,0.480003309941895,-0.4508720482933594
0.45399082545171465,-0.03888169889900106,0.16195326490786965,1.217402314332131
-0.5119678335373465,0.008972309800707956,0.5353007661686284,-0.4115191303577852
-0.2907353594016928,-0.513667822493858,-1.0,-4.588929256112233
0.8536955773318211,-0.5910840025002664,0.22700578406924476,1.0360131396430425
0.8235632695629878,-1.0,-0.1889408215262427,-4.331409673009869
1.0,-0.8665431378689246,0.998672928671791,-3.5157900378469975
0.8200439144537162,0.7362041545024529,0.23007581153095336,4.1608609239520575
-0.44099147238813363,1.0,0.9777203438888826,14.833977931511162
0.3142235301667826,1.0,-1.0,5.002570287521584
-0.08312818265520838,0.14674842993773884,-0.21262148801024217,1.235057823690959
-0.23718793051010034,0.15137969052914912,0.06501038178995744,0.26625482306677245
-0.2242178868935325,-0.11920708097219679,0.21975266858324427,0.3201913233798302
0.1417869588472649,-0.26935483067688293,0.02075083644622322,1.1736679172606364
1.0,-0.23517178201209332,0.9877297764117783,7.837452607289289
-0.6063637891917126,-0.10363112527714202,-0.3366084606900188,-0.37628445223711915
0.2022149317171591,-0.3096885255227546,0.46657658492799925,0.9177238795866107
-0.5330621520491279,1.0,0.1553004372342004,5.725444995686587
-0.5948991993811041,-0.25117347446126925,1.0,2.096754034847029
0.18203188287682326,-1.0,0.20158304242921754,1.1308657324307612
-0.2626488791979147,0.690213637292227,-0.16607023080092698,0.1326016936988642
-0.23398775798527272,-0.5337334807640814,-0.09311368843956958,0.536373110137765
-0.4371372949018699,-0.729099631364734,0.05328664017357454,1.193172867596159
1.0,1.0,0.6158425619149199,14.296036908415951
-0.9532200641284789,0.75656983173804,1.0,10.22710044286629
-0.39102564993589906,-0.03374128270330523,0.7768286235737731,0.30460063685535477
-0.6602522933550841,0.979445668986962,0.040795636641116406,3.7658721790423604
0.19677222873060773,-0.47096783723418545,-1.0,-4.9429420438950356
-0.46360877064980066,-0.16418856897385958,1.0,1.334160129767964
-0.8978978579709436,-0.6516112952893196,-0.3610696819835997,1.5284453032542347
0.14743777362448585,-0.6774078070503875,-0.1653789805468433,2.2495423587127994
1.0,1.0,-0.7779764825913886,28.375872159326292
0.08052335702759694,1.0,-0.644896884211589,10.095092719278702
-1.0,0.5026252285880699,0.39861790427004395,-4.437030681841331
0.2568136219873771,0.7441394117256666,0.6007185871562759,1.978407894052256
-0.2328815874149892,1.0,-0.5613574347179522,8.138889847915266
0.6999210915830554,-0.5605638465666287,-0.6845443451921682,1.0248041130667582
0.24441910025775826,0.6794847009842848,0.6514083969769753,2.2453940629383924
0.2039916677591751,1.0,-1.0,5.171603251892996
0.11677932628282517,0.40727974832850755,1.0,2.1430732837205264
0.6222108628266345,-0.5554257312248234,0.8308364465070013,-0.6609264161120659
0.034990395183696954,-0.24086782949822183,0.27791853497302665,1.178011632435957
-0.697584126739246,-1.0,1.0,1.8312028882487155
-1.0,0.3980298894899128,-0.4715946983683641,-0.5967631983146948
-0.2240741574656251,1.0,-1.0,2.623005501297968
0.3647421925265786,-0.7354339196736503,0.8104353284744357,-0.7287565784888244
-1.0,-0.2846685874043495,-0.9395353055155167,5.3843056048681674
-0.36641137140139524,-0.23789698721788177,-0.4987923102079561,0.3628720234195416
0.7217701186365741,-0.29403016453252806,1.0,-0.7894167381239662
-1.0,-1.0,-0.5927251452865017,3.935915618469163
0.19103350888628867,-0.3112228584550123,-0.8333103216455393,-0.457912663819647
0.4632817464618151,-0.2894089277200085,0.2998667347585817,1.4527581897092787
-0.5020086498656666,1.0,1.0,15.746766924031476
-0.48716257506139216,0.7957322140417331,-0.40350305028737243,0.21446113493766442
0.19542277427042176,-0.5525550903291563,0.14659368710086773,0.6849366406906936
1.0,0.3729947912012219,-0.7235463202962638,5.881459391008036
-1.0,0.0010112240203172806,0.522958375589456,-3.2897306095706518
0.1763947728140962,-0.2523308195110219,-0.26239499855489234,0.7996021865427394
-1.0,-1.0,0.3726174409740799,11.354950448734467
-1.0,-0.890361445086399,0.6149116731813558,10.840438228165644
0.022648816221346513,-0.13049145402789653,0.4595529055984693,1.0750037974457012
-1.0,0.9696787009378174,-0.9939814250742771,20.984967290364864
-0.8274845530073263,-0.7763250269682802,-0.8096324371906305,1.922654641813818
-0.11614852175841861,0.7206893276955331,0.6608793389978409,3.722617209098501
0.6005901694583327,0.599155045633474,-0.6290413001370281,0.8345246907500563
0.05437002941414715,-0.4285357604513136,-0.4696994997658428,1.12141431426386
-1.0,-0.6931897049359403,-0.3959380026686272,0.5790676224661755
-1.0,-0.12616286312489766,-0.4515233169904578,-1.9611124578825403
0.7518004209153033,0.8677811730077649,0.0923166086766285,4.259455222043773
0.5965203712896845,-0.5517114548565598,1.0,-2.9438152630188172
0.012053081791893128,0.7669168472038623,0.33827554528324244,1.6703596882288496
0.3432224400843171,0.5891720663913307,0.5828649007156301,0.8375723905194077
0.02341285850220709,-1.0,-0.15275804346474198,2.4731336566871063
-0.5948368485315387,-0.04492424986475929,0.5351418584679062,-0.459797000429466
-1.0,0.7717763803941333,-0.5425649965746371,5.134725656308382
0.14313655250237756,-0.34104697274002893,0.6186881671829136,-0.027271261924413537
-1.0,-0.3340232455551435,-0.34423166171012554,-2.764839435403314
0.6150314457308497,0.14170526051493537,1.0,1.5785451531317498
-0.17247917604896257,-1.0,-0.11267365937699969,2.4108534096757133
-0.44804334641926125,-1.0,-0.19816767611480013,2.960604993203202
-1.0,1.0,-0.6297690661676854,12.371130690904975
0.18006661043090322,-0.7527206827779398,-0.6326193956979551,0.048672312136713206
1.0,0.34278894303686536,0.42348708363767495,8.251004848143427
-0.15875554607651132,-1.0,0.5885504027304822,0.5713394998235217
1.0,1.0,1.0,25.532865626580545
-0.6384869883175819,-0.4492244613856031,1.0,1.9895186361133417
0.10294568936666382,0.5676332490957896,1.0,4.065572280633911
1.0,-0.2288010059984864,-0.42712270377920647,4.2259579462685055
0.1435295252394797,0.21757499311752238,0.04608221901251075,1.4172532710234056
-1.0,1.0,0.361424391758864,3.405729420037166
1.0,0.3873949715034757,1.0,20.618675180091408
-0.07259439824682068,0.2758961002264051,0.6127501412805638,-0.17654320678468483
-0.4578771360508269,0.838469728851096,0.9174562130585833,7.5359147428973445
1.0,0.3653519490700303,-1.0,10.84159951638715
-1.0,-0.5847566188738971,0.02377847782405773,-0.375085393596155
0.3905425693447506,0.5469917818218988,-0.48279160197537285,0.8750759076522804
0.7920451749652306,0.9791243086654948,0.5449405057723229,8.046319957390168
0.3975506414798047,-1.0,-1.0,-20.79211792010376
-1.0,1.0,1.0,16.90490345605797
1.0,0.11866789403300637,0.4178033134243686,6.464649242207713
0.2111043432907953,0.06476640567842717,0.005174575751115018,0.36421222758121063
0.3432209642912678,-0.40917048475151274,1.0,-2.521280040157527
-0.936365850562143,0.8301491846351998,-0.6777342459490634,2.9879440803106805
-0.5737634776677569,-0.9499341003219788,-1.0,-8.505672350938148
0.49858744619446704,-0.9433743568308011,0.4031885158448061,0.2872106840286638
-0.9081944311966443,0.14851033755458576,-0.07398556329194528,-3.0155574838672488
0.6875163882943496,0.603414761257347,0.32053383069328434,2.3553205928740053
0.1351382772485319,-1.0,0.6535443606583724,-0.10534573250048629
-0.10293828803090599,-0.06822809122329154,-0.09659579924495998,1.1321732474824082
0.028398895338936248,-0.6149265242081996,-0.18500062549753626,0.6540740070144463
1.0,0.3117385261245764,0.8191438214093238,12.140946626539638
0.2785966507786808,0.2731125888671646,-0.3775280026860044,0.9525770648432088
1.0,-1.0,-0.06186188088541833,-9.095657154094928
0.7986381758731596,0.9578989197988097,0.21827626821424784,7.2057543957751164
0.23560039158453971,-0.2132477389588907,-0.9327365324169872,-2.4674403339206386
-0.5360537714002449,0.23126557065187936,0.749512163651463,-0.0028131321190418834
-0.8566376008977747,0.7900686611760659,-0.17109556367425305,-1.03095993613053
0.5600383792772843,0.3611187337476589,0.6045169536393131,1.9474202435743813
-0.18716023090248002,0.47137208648546225,-0.05384802801342792,-0.2655226455098312
-0.3926201114378898,1.0,0.9087206239239776,12.08282975684677
-0.7426535083509276,-0.09896607110730682,0.3332964530566691,-1.0679620162169001
1.0,0.6722296846422462,0.9866728160333302,24.222481568691745
-0.8377604855014,-1.0,0.0004355221884686511,6.636793104146978
-0.24706220165923765,1.0,0.14150174239687252,6.975789315162651
0.8460328980238359,-0.6531527048797638,-0.5425478407037232,1.250516493638476
-0.9611964135814188,-0.8290541092723753,1.0,14.213491699115965
-1.0,-0.815609625603928,-0.13290050651516427,3.1455630493992373
-0.4453463611136548,-0.9290527017396508,0.3084633538686019,2.7400170250263383
1.0,-0.08340223627040655,0.7152229563687591,8.200086683568543
-0.1419323492897131,-0.7963119308345592,-0.8246202452031808,-3.0584934105850223
-0.6136804327109731,0.26394329396657024,-0.23829571314664122,-2.155743393393349
0.6098664958079048,-0.42516732692205705,-1.0,-5.3570034733186676
1.0,-0.5117456821708468,-1.0,1.642311276581276
-0.658099780895351,-0.41970409464490555,0.3827512761599787,0.4395770263253396
0.35291105922054267,0.7898422947619066,-0.5458791466146504,2.7456229031135004
-0.5120247566237552,-0.05970162896774012,-0.15058782448308827,-0.931526339148
0.05609225766350234,0.7882072084608416,-1.0,-2.7428835964301044
0.1476029826933516,-0.20922172075894307,-0.458825917593787,0.8934834943456087
1.0,1.0,-0.04852167266000551,14.675848340732106
-0.4707939469824818,-0.5577502523839288,0.48359127316805495,1.1594570966469855
-0.27882451679548814,-1.0,0.2457514672400083,2.5291087346286205
-1.0,0.7513272748579911,0.7114414450530879,-1.9306748656263135
-0.3434640422059261,0.43176733181642146,-0.5460092808283041,-1.7805399460758666
0.06832327509034841,-0.16493578037010304,-0.13090465332668355,1.4500790045553946
-0.7763598156199043,0.2639902845627815,-1.0,3.0123195743277518
-0.02169209899058222,0.5028983668769731,-0.03627180788425921,0.21989117809418943
-0.17396034276983685,1.0,-0.31015152824360315,8.417180806673624
0.5081358762396364,-1.0,-0.02907142953010111,0.1772970377038566
-1.0,-0.551904236539845,0.641509314206675,2.72316637221126
-0.039472549303519955,0.27917499175380245,-0.26332063487091184,0.16330671527461976
-0.9674370386374505,0.8561114686438493,-0.47679674252700566,4.554379476912974
-0.24515383868912366,-0.778359861116388,1.0,-1.301552528655705
-1.0,-0.040955481568309304,0.18282238672526607,-4.142467301411378
1.0,0.5829718241942838,0.09980006827913845,7.179548605430835
0.4339166071991165,0.12226267735654606,-0.5883734759796782,1.3408336242072836
0.6259589653136055,-0.014431038715957634,-0.08539491897299678,0.988748347478149
-1.0,0.1826195001283364,-1.0,13.558050950073493
0.6689340758435516,-1.0,-1.0,-25.158644151314274
-0.6476931882229378,-0.9531707320064473,-0.3087739363733031,3.999912208423557
-1.0,-0.8724705684262473,1.0,19.141682433537937
0.8567650031712344,-0.37498448919673955,-0.7165639716552306,3.452051291368763
-0.10504496984898859,0.5165531882261003,0.1518533420657655,-0.24173337281385385
-0.07661711695965656,0.7543991866140982,-0.3835736969309398,1.1632350809346046
1.0,-0.8305893692995041,1.0,-1.643702463893723
0.9663877120547633,1.0,0.5035368180409459,12.944353029147338
-1.0,-0.42990515631120507,0.101357807884358,-2.0854541694838984
0.18624375657876047,-0.9329716341252345,-0.5949270640259401,-0.8711276350962329
0.6536242164173014,-0.0922113105366531,1.0,0.05992127184431449
-0.5204716504996436,1.0,0.23969421829413595,5.203494086231613
1.0,0.08603281207471847,-0.8805743873060654,7.895241573250105
1.0,0.46528075828976,-0.10321092772495044,5.440595625637475
0.07703884110728976,0.14239022959222702,-0.09886306074922246,0.6362646486093061
-0.5156572915877433,0.8317480333612395,-1.0,-3.4083564952020695
0.8357475307761764,1.0,-0.22098738368131698,11.447626254282754
1.0,0.38421017663533896,0.06697763395687306,6.588046009612159
-0.3651695698636337,0.9228255676392947,0.2370936309346483,2.830238258316124
-0.16246185095051446,-0.8011229925819408,0.29484820227099684,1.4386249027740954
0.14313881050576027,-0.9991125828793783,-0.758186010057192,-6.745133962250767
-0.5219798155741973,0.9563186581455387,1.0,14.609947817178051
1.0,-1.0,-0.8068376455035384,-17.140801658057118
0.1418958945107729,0.9098025690690641,0.403417303412162,4.905728955008865
-0.04081769867039653,1.0,1.0,13.659645488724161
0.9494131269135024,-1.0,-1.0,-29.309912541793885
-0.37213880035497704,-0.2877945051041144,0.3973732269785055,0.63344469567732
0.9810360344954405,1.0,-0.2498895819635949,15.347391480513883
-0.18281866741166053,-0.4364209400499177,1.0,-0.7406290405038432
-0.3763887818663145,-0.736921266391583,0.5986362026513838,0.6361595156895243
-1.0,0.6162399172098589,-0.18528687160400925,-1.2568680936814944
-1.0,0.4690452792198656,0.2602314231173384,-4.142365834543981
0.010541744696922706,-1.0,1.0,-6.614060254635195
0.008783166395332165,-1.0,0.6312725586271539,0.4032318820243762
-0.7745300673440467,0.10527613534148705,-1.0,3.6349277248846104
0.13771621842699266,1.0,-0.7267308493229707,9.688522814330923
1.0,-0.5740020188197461,1.0,3.4248407107841228
0.9880985121604515,0.7294571763914721,1.0,25.3304642356431
0.858098682842775,0.4050470713344667,-0.04234720728540364,3.966362804943
1.0,1.0,0.5493433359933277,15.214117654131833
0.381241861922369,-0.7073052019254047,-0.40582338792976724,0.9460173039593871
-1.0,0.22847697963547642,0.4402274517011897,-4.492516173619582
-0.334655536555609,-1.0,0.05045890376595974,3.24727587922919
1.0,-0.62253251014575,-0.6436565722863112,4.313358328013118
0.8428411146753594,-1.0,-1.0,-27.75977966201846
0.9912415063303439,-0.44905462958462006,-1.0,2.5973665023871613
-0.8781629642042139,-0.9274749137695504,0.5599882285786943,8.77393860400933
0.48896354547805165,0.9184053211538852,0.1969105629011465,4.433559915161899
-0.6867691153533875,0.948677066123216,1.0,14.972148904791677
1.0,-1.0,0.0850551558479713,-7.917533327122601
0.1740500572557151,-1.0,-1.0,-19.473838608019516
1.0,0.13963071233036106,-0.06171383963941701,4.596948684745171
-1.0,1.0,0.8398693064455767,5.113663191911872
0.8111250710176063,-0.08757732163669818,-0.4048660127000179,2.2118686347565726
0.9697259752870158,1.0,-0.7122026542652684,24.22933696980796
-0.010377061644979202,0.5523306208073715,0.6884117959878555,0.7099392019304862
0.807105709941057,-0.10997853218928344,-0.9696124053282678,0.8510861032773741
-0.5443726765108985,0.32169930453288487,0.2713090376721905,-1.983590311142044
-0.09604360696073222,0.48963730025958907,-0.46921643569815163,0.5425069291817461
0.41764409211502174,-0.09965972896304764,-0.9712685850787086,-2.254056293921595
1.0,0.6391198773851827,-0.31122504524899,5.502427688793405
1.0,-0.22415534101259027,1.0,8.371417559455422
-0.5854733302083353,1.0,1.0,16.375900440747326
0.35616405604817136,-1.0,0.03797485161552072,1.1240361187418233
-1.0,0.7147289567745714,0.32079137732795604,-3.389155485156664
-0.3353573073147842,0.3931101353178106,-0.16530088689891498,-0.8983409813690538
0.09079255265714359,-0.31431775438500464,0.17797225403453965,0.8165258546474207
0.44460636024066313,-0.81923310312689,-0.6227280479254464,-1.1679055215331644
1.0,-0.022623627651453537,0.0978070548786556,5.062734661052369
-0.3901556231673937,-0.7367484926600254,-0.5678152798071694,0.6196192101295085
-0.6857284003729629,0.49884079930107994,0.0965871079637779,-2.383605086188637
1.0,0.5889525152459121,0.09746651705261988,7.656753201437924
-0.373304453059643,-0.3518228986142069,1.0,0.06617487919854637
-1.0,-0.8840161028688418,0.4904158589512271,8.05381516220005
0.17174756211007236,1.0,-0.2393583365068721,8.58532950614909
0.44735866252828704,0.5066864022574686,1.0,4.61603737308514
-1.0,0.1875135883536141,1.0,3.121148808836392
-0.7710172764740715,0.010795042029904112,1.0,2.2867424837813832
-0.019857572222489406,-0.7383702993087542,1.0,-3.5779347188151913
1.0,0.029942651715449076,-0.45045230911558565,4.813213887555631
-1.0,-0.25626051671408945,-0.055723042016190716,-3.229011604259072
-0.8921250997505128,0.7394822510398749,-0.81093755368237,3.26947765960047
0.9546971113738816,0.001376229487296765,-0.5614140026397818,4.653227676221992
0.20576964067143577,1.0,-0.048164867095279895,7.844525007203965
0.05185597718494206,0.2273272699807849,-1.0,-3.553467605424037
0.416259980431136,0.4082117304582975,-0.552705440156205,0.9673747837061187
0.7418556279298205,-0.2345845446708259,0.011179171477163852,2.362245712178175
-0.1448103017774709,0.5948457240451657,0.786404280671344,1.4402761069796324
-0.3851220240845856,0.3666581488433196,-0.1584094801355984,-0.5285311262192373
-0.29792719024799474,-0.37345258206617493,-0.04368857366959977,1.2580732109870998
1.0,1.0,1.0,26.091492480163815
-1.0,0.2727375139451942,0.4481962531492685,-4.614838768812169
-0.3812984946346838,-0.7394930789874989,-0.9409886663596054,-4.539673972438445
-0.5084930919403039,-1.0,-0.4791398711735695,2.710928944746299
0.6732070583918919,0.9832478563760396,-0.7006003931002112,12.174837957701616
-0.7779256594203552,1.0,-0.49125334929019826,4.7366986410893155
1.0,0.13251248442377594,0.7030969652316321,8.789321759739462
0.4197037820613303,1.0,0.18115052521285868,7.483134374492805
-0.16839202561208322,0.5514251376638553,0.35015963462944,-0.3688501020493198
-0.35370856748738055,1.0,1.0,15.057727043905931
-1.0,-0.7391105668605535,-0.5894266089847362,1.96958446070623
-0.9885914825508031,1.0,-0.024090602936150285,7.372856241575416
-0.910831824062152,-0.8343458630120757,-0.17243516200968734,4.020724371072829
-0.3627167695422433,-0.4131783218958036,1.0,-0.013104659142484876
0.9205635353821151,-1.0,-0.505690214558906,-9.795203730740726
-0.8740936887031145,-0.24475009774470413,0.9998834720983127,4.10756640309104
-0.9233593589429734,0.05481573066515644,-0.048301296986206,-3.2261417036759434
1.0,1.0,-1.0,39.28346025656586
0.8444619723145217,-0.10596277533427645,1.0,4.072271563447933
-0.06670158558509631,0.8807246245578877,0.09529374102662236,3.9595144006949385
-0.3843265362642849,1.0,-1.0,0.6837789826898855
0.40877922412115564,-0.3032686955465147,0.39850863934585745,1.1212098290970474
0.17723803017213102,-1.0,-0.274408020491006,0.8058832640201578
-0.19735098797966577,1.0,-0.3417757871690992,8.357525471713641
-0.38255167009076674,-1.0,-0.2720853981998088,2.7051011782148913
-0.7176216281394496,0.3581878921831332,-0.6025786886459645,-1.1329088870015442
0.21414020688562596,-1.0,-0.3015660384044927,1.1030386411952664
1.0,0.5072212953765622,-0.5890568769643736,6.8918842813063
-1.0,0.8919597205332348,-1.0,20.845615807367743
-0.6218764522445308,1.0,-0.4829652793175523,4.800531169582853
0.0544056566058857,-0.829158624737423,0.10317586815619717,2.6649262651997407
1.0,-0.03648273519059808,0.5995910043177379,6.145585715625335
0.4376886640814541,0.2578550770989436,-0.3603213973805057,1.127645368259157
-1.0,0.8779581738634041,-0.5268104251828878,7.53127663934767
0.7172858341648483,-0.005574905432578436,0.7639680622788321,2.7384746365950354
1.0,-0.7649730316221599,-0.4306756478688658,2.436606229007931
-0.9599635400599487,-0.8753703248187834,-1.0,3.8085908215222117
0.33822533081100237,0.035986106306907795,1.0,-0.4229485004335281
-0.5199686382947588,0.7233741163023188,0.903705600169936,4.378953841473861
-1.0,-0.4151862698205391,-1.0,6.784980953732591
0.5645262518836203,0.9331510619836625,-1.0,3.225811760725719
-0.9534205679979102,-0.418443482703577,1.0,5.832659621797012
-1.0,0.11517045784053614,0.35523494178495874,-4.721966277597304
0.8134963408455149,0.836921589669503,1.0,14.939748570626028
0.402931339414635,1.0,-0.7382380501958306,11.383421901956057
1.0,-0.3515747943792611,-0.9828357285489364,4.9999589336060355
-1.0,1.0,0.7992216641736247,2.6452494226613084
-0.5991266644184086,1.0,0.21147501399715307,4.628877485540674
0.2385392601479157,-0.9617390558603434,0.5360279508805026,0.38222118844568503
-0.8430369692151689,0.0652368695003489,1.0,3.3238641418906947
-0.9088295177154144,1.0,0.6259991177524147,1.173602695469333
-0.34203143629810584,0.8853324993253309,-0.3776277002741637,2.540108429454405
0.19347490930085964,0.7154008785262798,0.03624717923100462,1.254657889526528
0.41934138625082884,-0.18796712835649165,0.2024021957837241,1.4006921031518242
0.5079737534694382,-0.07169032624163707,0.8534963203793899,0.7456888822597998
-0.4639549052247278,-0.6588885042336836,0.41186111517077895,1.480877222333878
-0.01842724783002292,0.731686571492185,-0.024370679860240996,1.3305275189713728
1.0,-0.6673782430426496,-0.6090431146120043,3.672860955392153
-0.6816361326219567,-0.6564832714454378,0.3683849731044939,1.7694008696618362
0.905035505853494,0.3730010499581571,1.0,13.67696792168527
-0.4756274813182726,-0.6108710565497282,0.07130503181527037,1.5835436830914307
-0.6937871674585272,-0.6006352093709202,-0.2971507389395418,2.126718953473076
1.0,0.2024354281484828,-0.9061525402580379,8.930712263931849
0.6913845606032665,0.026718482197575888,0.08902890801888819,1.848997216124797
-0.35279556627991004,1.0,-0.12157978084690635,6.425079131869164
-0.2425168798399946,-0.2993234396341471,-0.8619345023939573,-0.325377619056628
1.0,-0.268676368233298,1.0,7.8808466445643734
-1.0,-0.8876214643580396,0.782744850129887,13.634640390027617
0.3789159700567073,-0.20677427231814338,0.028296606371025268,2.017477896825842
-1.0,0.5264847233360592,-0.4086863928465829,0.11413774620769733
0.5915993342806247,-0.0007325033535854342,-0.7292408548021443,1.1263217284929492
0.9853451976795902,-0.731237088248061,-1.0,-5.003253969646067
1.0,-1.0,1.0,-7.4150633992538975
-0.4858214086682393,0.2763746714739348,-0.7242334595284712,-0.3659691428360885
-0.3115200870994179,-0.033002988097563746,-0.3652338328186562,0.16393749585279338
-0.027600812164944477,0.04725571878257773,0.3378479632247384,0.22259137301069948
0.5397599331607104,0.2992569767947726,0.44674487628277615,2.0628746539124814
-1.0,-0.11293911176109939,-1.0,8.749634201426218
0.9596395043649557,-0.6987964116627867,0.9968261581110864,0.6850657651461947
-0.6062922332040708,0.26264199198942806,1.0,2.6951933130876373
0.5441540568543233,0.3350901435884903,0.29102548916204474,1.2122049001247708
0.2645239451932271,-0.7239987629076003,-0.7144637474314957,-1.1673642655739513
0.4556550339017369,0.31699208898671793,-0.9370975967737123,-1.5768955738304653
-0.8400701615038606,0.21611418495747192,-1.0,6.658684859812681
0.2918152435361481,0.3764561145685572,-0.21514780060471095,0.6924189648581605
-0.3257275795508756,1.0,-0.8307554242564739,5.118311428192911
1.0,0.032665504796907774,-0.45765125892215464,5.158355810921365
0.4263361739088505,0.5328761677374785,-0.8883998233292472,-0.43626766680545215
0.16584816276480874,0.3289210197893573,0.05539170163375884,0.3397793480632228
0.6416206848892243,0.9027171623051835,0.3994821639760875,5.275796281558337
0.07250218051223523,0.5199275681127236,-1.0,-3.8156804630889707
-1.0,-0.4474187938255594,0.19700504459734636,-1.1714895807517687
-0.7008119518984779,-1.0,-0.11341386885080396,5.43365057155172
-0.387700156392208,-0.06844297687283873,1.0,1.405049551086882
1.0,-0.4794627437176908,1.0,4.652686218375403
0.587488968187081,0.8698243743872647,-1.0,1.0091543930432696
-1.0,-1.0,-0.7860799664352656,2.6548475072134115
1.0,-0.24655609276790247,0.3923540754619481,5.83935783688908
-0.03518067192979757,-1.0,-0.3149359696099707,1.7081912489373363
1.0,0.44345731723284487,0.7690242887457668,12.933717633289293
0.310073385941656,0.797648164849065,-0.9370603916888696,0.2080237729307055
0.31180769430817534,0.02956870103423781,-1.0,-3.282982382637167
0.9806843536127436,0.29337765703341945,-0.8600713426318616,7.442596235793397
1.0,-0.3215833520527034,-0.1779806101625374,3.882525938314309
-0.08479535035039465,0.4814689510653458,-1.0,-3.4551694575971736
0.6625436329688583,1.0,1.0,11.441186344902007
-0.1841425126747025,0.7932673702880717,-0.48327378469570337,1.311596875781936
0.37434562486813494,0.3261069019503564,0.6483044394478508,0.6774473383490687
-1.0,0.27916976972987984,-0.4726961167641992,-1.2796313933416117
1.0,-1.0,-0.6084161597753515,-13.117135474011908
0.738774465846054,0.6587139504131267,1.0,10.70385793619627
-0.21645232534773085,-0.509217765920593,1.0,-0.6206260634834766
-0.388176523178259,0.995500799060842,0.4854550967870368,6.661685383186502
-0.4251982867242754,0.2286640032009779,0.5709502388988608,-1.0283613380289958
0.6990522441530855,-1.0,-0.8965079798679136,-16.55917388981927
-0.2379758765176785,0.4073016178482023,-0.41044033637970867,-1.1076523478389477
-0.9717689460901326,0.5608606505288107,-1.0,15.7911741803174
-0.17713354993261654,1.0,-1.0,2.8509720860111285
-1.0,-0.10340421008613765,0.9140931998373849,1.81068487296768
0.21035386009272927,-0.5623616767432844,-0.1859437695423274,1.985659671451755
0.6906578087113466,-0.5609017518166362,-1.0,-6.373915440912638
0.06179660779843732,0.750112058435003,0.46232967736918384,1.5354820014609627
0.2832052787666426,-1.0,-0.4989139620640175,-1.1622207902189434
1.0,-0.6689369391472859,0.4560530919582877,2.781995241525005
-0.4602477118903292,-0.5850849880316518,-0.5090374497260683,1.2546715606110022
-1.0,0.21602376883497998,0.4961909314830224,-4.203492207117491
-0.4524452390507181,-0.6803232256792311,0.3234647467479099,1.3707424766559702
-1.0,0.6747175564330596,-0.40686031078685403,3.006950715541442
0.02805053284408876,-0.5305572367435374,-0.9678413082308752,-5.126959484049353
-0.3640265838612078,-0.5196297460349526,-0.712077681489337,-0.16632735383622552
-0.22307119799624542,0.03991802620064888,0.3234164687317227,-0.25888592083819617
-0.8900297752729496,-1.0,1.0,11.338449372700154
0.3626586680997339,-0.7130210664474663,0.8536747740035087,-1.4022884417365433
0.5121792200117756,-0.7231619168569807,-0.1186417471774035,1.094359906177574
1.0,0.43510887337219173,-0.2014626043189438,5.2097029536140695
-1.0,-0.6868933895931484,-0.40070719265789534,0.34505339364692955
1.0,-0.47585461909142435,-0.8383637144745928,5.65838227221797
-0.11862953299081247,-0.08229151513580057,-0.061480058282078476,0.4196153287143817
-0.1943253802450109,-0.5369860036702789,0.5177705217374551,0.18679559833123535
-0.9782078997668933,0.31789703305192174,1.0,3.448999437126453
-1.0,-0.880168368847321,-0.5125288783398134,4.392862878250257
0.08511068667579447,-1.0,0.07224344772513236,2.746344629522369
0.9410795259256943,-0.17314577987665292,1.0,6.686829830432021
-1.0,-0.8861189949316999,0.1876382028250927,6.502126720529042
-1.0,0.3287060768007899,-1.0,14.552206684714793
-0.6837361512450322,0.3581983659923309,0.9486050041899978,1.4678358643046292
1.0,0.6074905473385595,0.007682769297311154,7.562310412591616
0.17678655698036838,1.0,-0.2761759875801768,9.595587353216033
-0.805277304348794,1.0,-0.28375317620367535,5.529484844114953
0.013343822030262409,0.19658015351264613,-0.09636912835781852,0.946003985337124
0.3305807512215877,0.25380460693494933,-0.4470335765701585,1.2926590234281479
-0.36785176058330515,0.22763204534846837,1.0,1.8208660183813299
-0.527428078851409,1.0,-0.6996264645784476,4.210555149694716
0.056136694711307555,0.4695802865656127,0.16913078947236038,0.05103340483809071
-1.0,-0.3479484254918843,0.4195616851288406,-1.9859372640111694
-1.0,-0.22139294653264274,0.8532236546754974,1.162506425051749
-1.0,0.3990421697847437,-0.04745692873947771,-4.346443593095991
-0.19747342521920852,0.9337917969187162,0.6827580666548392,6.31301867642697
0.4096607474544314,-0.29114304687945936,-0.46111229642209195,0.6322431237929816
1.0,-0.13670165477563323,-0.7917333964686448,7.3581194935394665
0.3706639342544209,-0.007469435155495807,-0.9919972180515397,-3.250011497405521
-1.0,-0.34698452522272527,-0.9046937711559166,4.48912668380924
-0.17568454795578958,0.5853040164484058,-0.4231106236099822,-0.011913031652221615
0.049621434601384795,-1.0,0.6425823920626841,-0.44715681309873345
-1.0,0.22857740682893457,1.0,2.6007466003721182
0.8374706696626046,0.6294514580000852,0.26067462332423963,3.046123333790593
-0.13989502531338815,-0.014041071740837019,0.3811592863615654,0.7382085192065333
0.6577992727837843,-0.11306762901426048,0.40411276217130654,2.3495569186070178
-1.0,0.5291172727598559,-0.9196782516648994,12.376050589748452
-0.05041305642203797,0.17367592984112057,0.8151934112411363,0.011996721969678464
1.0,-0.22914809744705034,0.30320987282942147,4.682033371290532
0.009280116690240758,0.17453096581659255,1.0,1.0376829395784521
-0.4738033602218341,0.7995246925744692,-0.6128898808084955,-0.6255334776891129
0.8252445329007052,-0.19442088220851095,0.020860621839076776,2.761027625362348
-0.14048830806585677,0.9875887874042992,0.1783825085582107,6.487277477933076
1.0,-0.7710167091614053,-0.13194415826511885,1.778305518806362
0.49671896930766923,0.885889129591106,0.0504699588919566,3.632223975463654
-1.0,0.2411047058856668,1.0,3.043754286967106
-1.0,-0.27213088376777783,-1.0,7.816473179531144
0.07456956614079724,0.26506116746662833,1.0,1.8049815038541088
-0.9914426936199101,-0.1271920858395903,-0.43314256484856695,-2.284509000611091
-0.9453505909110986,-1.0,0.09734242675410854,8.164631969656178
0.628419543779617,-0.3164564779860417,-1.0,-4.3316383706629
0.08907943001584062,0.9984256475466773,1.0,11.373321096817218
0.4853384350224659,0.4334168284442559,1.0,2.7132565220641887
0.3302534852654133,-0.4840101915537629,-1.0,-6.143598871578654
0.5412337498704363,0.02115188675625923,-0.4841476049499591,1.8048330438355678
-1.0,-0.5044208245701831,-1.0,4.967369048592371
1.0,-0.5507515278967618,-0.5762734946013788,4.31154652119465
-0.9448789939261983,-1.0,1.0,16.82846107862311
-0.4090917827564773,-0.7034383624725704,0.1263641267926574,1.052973585105084
1.0,1.0,-0.9194417587218733,35.71601249433527
0.8190338175118901,1.0,0.6514543527037651,9.536757589052996
-0.28258512903954647,-0.717269012404445,-0.6768111760570605,0.3503268738382707
1.0,-0.05085186082178095,-0.16213026618820736,4.125580887733518
-0.7800175993171308,0.4403992199337976,0.26985064892169186,-2.7755549440711818
0.28303627422776856,-0.09157318664507397,0.8229235492603253,0.5920997143384469
0.9297134958826139,-0.6294471124495424,-0.9718446644693604,-2.941774139106906
0.6360102233401632,-0.6667145590222203,-0.5563414368688502,0.6945596894590937
0.3017643310794862,0.09379680713966154,0.899542696113705,0.08662509624704937
0.30441264218489916,-0.018149705150633855,0.6893550159975828,0.573375057779536
0.8815713522269888,-0.5259338232490625,1.0,0.5661282778542945
1.0,-0.7473932187387822,1.0,1.001443084168331
-0.937405140738107,0.2747804325161829,-1.0,10.97179712300844
-1.0,0.16615938458339663,0.4776692658642221,-4.588596401612536
-0.2776653266029745,-0.8756971399144842,1.0,-2.206080076417605
1.0,-0.4051961176169534,-0.12930465243732803,3.8756186929414835
-0.34602875704179303,0.42405963253771084,-0.4382166322785972,-0.20913503313504678
-0.14468695679079335,-0.8785099127349651,-0.6674656906948164,-0.5761590717092975
0.6896204233871004,-0.35919122048982466,-1.0,-4.455082954751847
0.2803922228313027,0.20570882701761883,-0.14082683988111477,1.1381943664422807
-1.0,-0.3613794493507796,-1.0,7.129805268608619
-0.7673886559785645,0.7410615782560996,-0.06970925560063801,-1.7983016562330325
0.9207612437555399,0.04258767503744232,-1.0,4.232072052338076
0.3113978032203426,-1.0,-0.5905103940479683,-2.0376624192674395
-0.6429696077930873,1.0,-0.31752959101923994,4.860717296959195
0.10744592371003647,-0.06657682382202457,-0.023429001845990616,1.6811521579427446
0.7933694631272574,-0.161001764971211,-0.1740881774467733,1.7868040620147199
1.0,-0.9901856821887405,-0.823793837401239,-16.896845442329678
-1.0,0.11432469045153626,1.0,3.317322590193389
0.16002825203946403,0.5172279196679772,-0.8629291426856902,-1.075749144870814
-0.09277389770738931,-0.8955576167601149,0.2727899927715802,2.4049426935917158
-1.0,-0.9908318437381214,0.20284778416250826,9.133156125504112
0.9989380622513555,-1.0,0.017421696984559976,-8.52054719961309
-0.6927766903858446,1.0,-0.3971572717013323,5.53370076555246
0.6391223658126315,1.0,-0.07460964332819708,8.51426122090466
0.6959672441989269,-1.0,0.39879969098571566,-1.6938262241304949
-0.21179970793942826,0.13367886825569864,1.0,1.1624254709951634
-0.5384964674800503,0.32150830470693115,0.4696358632702744,-1.506055765695068
0.5671669895033482,0.04517808263080192,-0.11920504955454692,1.403200622259456
0.7983629256560181,-0.18255667287220523,1.0,1.3317252111179188
-0.857917807972661,0.8887927198065242,-1.0,5.857328075727409
0.14302906207781585,1.0,0.37419131124983984,7.418980449925757
-0.3246020452269398,-0.479133775496686,-0.23930515319014445,0.8324156837823458
-0.8543312539956547,-0.7258092117911765,-0.30627166534115635,2.6864347486983746
-1.0,0.7065757499315939,-0.18962316158546022,0.7783699963797667
0.17257887809590522,0.22050650742056832,-0.3968831394214638,0.05703171176498456
-1.0,-0.4402836256847025,0.15088594971184577,-1.370245344834767
1.0,1.0,-0.6770160673601382,25.706515448667847
-0.9381864095213412,0.03088798501014911,-1.0,9.011522513692526
0.6583631366165827,0.47457253292986623,0.049818713636228695,1.394464136192676
1.0,0.8654232410956375,0.28532966107803714,10.627094819249896
1.0,-0.7373681934831704,-0.8984463219971488,-0.1351493815746494
-0.05885108608281531,0.09884059076903795,-0.5170429280421363,0.559314159261762
1.0,-0.9306360508648235,-0.2912899493759107,-3.2238616103721185
-0.7284384317489385,0.16612187099447318,-0.49805528336789373,-0.6576259760097742
-1.0,0.53285065573269,-0.22169508968904972,-1.6161341913674552
-0.8226628964523481,-1.0,-0.3530336918233241,5.0857959741000185
0.42745765343026365,0.39480766905693887,-0.028097211156619117,0.9739660373689807
0.29055348400486003,-1.0,0.5423069087071064,-0.36249333057079813
0.32620177346166,0.9441769867190999,-0.012822534137330033,5.3107389316044
1.0,-1.0,0.007290618111652769,-8.310103638045401
0.23585707458419503,-0.1890326937641189,0.1300843165320691,1.1668784404077348
-0.8635681889868514,0.5349805146766706,-1.0,6.907004047320589
1.0,-0.6184098306822376,-0.6695850692945768,3.94772573496183
-1.0,-0.7805018502507715,0.3924467267880125,4.741919204144478
0.674171581386293,-0.8716242518820203,0.693614645205854,0.2149897869006434
0.9305133016037317,-0.020595802476800706,-0.4834621611245924,2.895977769291775
0.4413426812613448,-0.21013191354391103,-1.0,-3.4942733444101863
0.9484667587399476,-0.0680101345799009,-0.9619057586588216,5.50260860827586
0.9267500313261039,1.0,0.7206568690502697,13.26127449425367
1.0,1.0,0.9814493365543429,24.99216076793574
0.45344510833702434,-0.5221192159484807,0.22751329002436926,1.075199228670513
0.46433990448248363,-0.3876554588180261,-0.6350727477729754,0.8657106959616813
1.0,-0.7844391839904774,-0.29621300723864086,-0.24604318067636677
0.907805366376176,1.0,-0.5451315251751487,16.35796807316776
-0.6594170096507279,-1.0,-1.0,-8.778172063511777
0.3662900549625847,-0.4257981690153263,1.0,-3.7832405154200175
1.0,-0.9332689843092676,0.25562947933231284,-3.5117641123710674
-0.9090935760211434,0.21303258733897934,0.6340785287557622,-2.4492936782944907
-0.013512865984307565,-1.0,1.0,-7.076370210111231
0.16675943019528017,0.07196681876288746,-0.5312542387438355,1.555588715735254
1.0,-1.0,-0.0721785988440693,-9.243974260106713
0.4642387639579788,0.16049292979875784,-0.41720771257151457,1.3733073688297666
0.33630371207948495,-1.0,-1.0,-20.275085432679962
0.36838877700446027,0.3639452041451978,1.0,2.421325641945047
1.0,0.9713654846365078,-0.6566249009890717,21.13812203152525
-0.5842967380094999,-0.11641628959945516,-0.4479445549511243,-0.07798080757074034
0.7030040783679483,-0.6594554572041003,-0.15069027899662202,0.8572650052502195
0.8273692139197273,1.0,0.26986085119658854,8.534424110024798
-1.0,1.0,-0.7366341440853359,13.750968712241725
0.3466577271817326,-1.0,1.0,-7.369156362597359
-1.0,-0.9308821877149358,-0.6961559772214911,3.4764627429329176
0.7013421086215463,0.23737169732938845,-1.0,0.008339883562131334
1.0,-1.0,-1.0,-29.7093302208541
-0.8762268728738627,-0.3298183403551831,0.13314876515687457,-1.3899297326320141
0.3176185877171911,-0.35331910017458545,-0.6116839804508627,1.3819869302469865
-0.01791816941290314,-1.0,-0.4613235233258277,0.8954915494555418
1.0,-0.03782144070013227,0.8479582026772923,9.21497791619452
0.41684901990796197,0.13395875090049203,-0.7933299199146455,0.3537313155677789
-0.5190871939377484,-0.02331135979060872,1.0,2.194735047323959
-0.3753827751639558,0.948870220187298,-0.25425916317870034,4.900881338721193
0.1261820337463735,1.0,0.9308486368838502,10.722973820764468
0.4177507697387124,0.5861280043518688,1.0,4.627984919993416
0.8799340230298576,1.0,-0.3896614980810169,13.804875327617468
-0.2071684052245386,-0.3019545965953718,0.8523583547977165,-0.3448977200251174
0.4194282786226784,-0.8748699038149126,-0.5088254101008862,1.0036767217940608
1.0,-0.2720099748119069,-0.6832317747023859,5.694371089172053
0.936153383756035,0.36905375510606997,0.797840743316772,10.808591791143769
1.0,0.36827629731884737,1.0,19.595514632393474
-0.13147161553498687,-0.6407137358073265,-1.0,-6.064652069822719
-0.44298374593842893,-1.0,-0.4725374745633313,1.8909224761183283
-0.19784953845967812,-1.0,0.6745353418107483,0.15187388092514068
0.7795600434690808,-0.11521920028322863,-1.0,-0.8224135757215769
-0.46376312558194055,0.11577885203707217,-0.8448013974566997,-0.21740656106263956
0.7417679232093584,0.5504330679014322,0.03796348813891348,2.0741946543689473
-0.11087212348887698,0.38231176073722595,-1.0,-3.7074630435487674
-0.37646998372382945,-0.6649958316525915,0.09289697789187135,1.467532922198812
0.04176407402520188,-0.3364366263004124,-0.5062168013500152,0.7842591066593558
0.18955707468782235,-0.32523543572909763,-0.20947699127604036,1.0588782072806069
-1.0,-1.0,0.8869785142499051,19.693373931422922
0.5028028306060432,-0.4441881063316171,1.0,-2.525651032279979
-0.537458781762485,0.45218300343159434,-0.1763484875186796,-0.947774430539041
-0.14215370731437904,-0.5571776157203889,1.0,-1.4791031524758278
-0.048751953852526064,-0.2997886623733552,-0.4198870265371031,0.6698053549379785
-1.0,-0.8916995053148746,0.36168302148136977,7.816266812964929
0.8279113921457761,0.6626788404707755,1.0,14.667653693677021
-0.28142140400430704,1.0,0.6038375118477026,8.1469872363777
-0.3141366710413014,-0.1168217587679734,0.9056248312571382,0.10762074276225789
-1.0,-0.4219480995869136,-1.0,6.269034000318133
0.5038489789729887,0.24130532917696867,-0.1800894055702622,0.693349579205259
1.0,0.795804375855665,0.014380274214744748,8.929669022855302
-0.16575209255642243,0.37529042632449716,-0.34476902394018394,-0.17421105667705505
-0.2266200037266226,-0.08424667320531087,-1.0,-2.517073475865213
1.0,-0.14615786186453628,1.0,9.564349644536376
-0.770380389374677,-1.0,-1.0,-4.98583194986502
1.0,-0.5289630635358291,0.7670261399999712,6.2409981755888735
0.0028882694872949255,-1.0,0.05407234306243902,1.849623779480199
-0.5620433465882655,0.4611720140552351,-0.7399225724109533,-0.8370942192747748
-1.0,-0.584199409811401,-0.0019353796427103998,-0.7259202254363709
-1.0,0.376798944393574,-0.9156682019628868,10.788860092989118
-0.23113222279526058,0.9039360163039478,0.4498382348369636,3.7463182805195547
-1.0,-0.47380191211081657,1.0,8.902500856310967
1.0,0.10744202402415404,-1.0,8.940714713465278
0.5547479128916151,-0.34009212257110955,-0.7368572452160005,1.0414270423501872
0.11192155956233352,-0.5303096958550728,-0.2835134143521001,0.7547788343649386
-1.0,-0.2032080559363605,-0.2465356059993351,-3.4721496208081177
0.28049339916943916,-0.9859462649916906,-0.5764034024093698,-2.3641467606231954
1.0,0.2716827261604178,0.4149416234461867,7.673396471493345
-0.20207475914941808,0.8050723864993354,0.06071541988494911,0.9332310400937955
1.0,-0.44621833732340743,-1.0,3.4657856606326263
-0.2089050165122346,0.42279759272116046,0.6760462974147892,-0.0793822488081244
0.3270622075345371,-0.029571538212261217,-0.7481998705538244,0.5974229175700001
-0.5443132040788987,0.05613273005635855,-1.0,0.7235394144312712
0.18965061766760383,1.0,0.15852612620568252,7.692814479992711
-1.0,-0.6835719570361465,-0.2887331977956553,0.7024919746147437
1.0,0.16901639907058574,-1.0,9.460064681110874
-0.25132931934080593,-0.8300403162779426,0.36002254757354346,1.6472775703376208
-0.23033845221101945,0.29183030850235414,1.0,1.9054860035170902
1.0,-0.07046565413094186,0.20376577644625415,5.167223413821766
-1.0,-1.0,-0.11803599319002633,7.548918747177458
-1.0,-0.5507577520537918,1.0,8.718212509300287
1.0,0.6082534070640877,0.9431835448760786,21.624004771763865
1.0,1.0,-0.6001400864397826,23.38064549466941
0.48899889185188905,0.5529843836528017,-0.5961623467408561,0.47934854168717567
-0.4008514247463413,1.0,0.6095308529548458,8.195829593739063
0.33862888762515286,-0.5276463169904699,0.4281906627509102,0.6662318546719672
-0.48485401455370014,-0.4058855153760641,-0.036297178828953,0.10460495320952967
-1.0,1.0,1.0,17.599711839447078
-1.0,0.6850077602952955,0.029553490102284696,-1.0799957293406237
-0.5137164489725086,-0.15097718394841153,1.0,1.4252016586146576
-0.7609703802778922,1.0,1.0,15.283165932908652
1.0,-1.0,-0.2213311417496162,-9.453125802451007
-0.5772700897384593,0.28869547017981456,-0.079473113262162,-1.454703405988155
-1.0,-1.0,-0.08081613328235426,6.582467098555133
-1.0,-1.0,-0.7076894971780265,3.706941623535745
0.8560085373426711,-0.9179353181175209,-0.24934673741466518,-2.089253271967923
-1.0,-0.6500388220373345,-0.311097960443693,0.2856559600159443
0.07038864323852367,-0.0455874366423783,-0.0732746787263987,1.4259685254611876
-1.0,0.889879157824607,0.891101342762636,5.2982669965382305
-0.5774171767844642,1.0,-0.5575865130272111,5.495558693926308
0.18676056345457637,1.0,0.37824814208451674,7.189947848098282
-0.17242066264228062,-0.8364794228780703,0.3991418476596882,1.3435072469949567
0.5942103071943725,0.689848749131162,1.0,6.6039028645821265
-0.6426188563800739,1.0,1.0,16.352367796991008
-0.424465235211408,-0.15596737751137768,-1.0,-1.7454878266607043
0.7096443631579561,-1.0,1.0,-6.847326795141013
-0.4463519019739226,0.08402857203608072,1.0,1.593799281036621
-0.9873119442731821,1.0,-0.8089657990983496,13.2696550940063
-1.0,-1.0,-0.2149014162172913,6.8718611452907945
0.6055877324249204,-0.6776348562374004,-0.03550117729420865,0.46718252711362473
0.02035967876926592,-0.7888766991951373,0.0622057345034277,1.4072955885973268
0.8029451163546117,0.7010915568983616,-0.042659389715065776,3.009358207725084
1.0,-0.24431793755431697,0.41399582119770173,5.549888036272471
1.0,-1.0,-0.003970381743080509,-7.735668486761576
1.0,-0.011706122026984067,-1.0,8.183494075212801
-1.0,0.8926111992028347,-0.8469663966226304,12.757914765339965
0.5178884805471622,-0.48889609913855403,-0.512906246967668,1.0901176863035462
-1.0,0.2223275160725393,-0.29452123138482045,-3.154264554418019
0.36029302112206896,-0.643254754291253,1.0,-3.1205062557657075
-0.2272212866680976,-0.5191187753350845,-1.0,-4.229017537743716
0.0722875292650802,-0.2291954461491874,0.8653189529695153,-0.9578392537662564
0.24427315577358932,-0.4671458828514492,-0.44026285792177466,1.3961368082254073
0.48953833264542057,1.0,-0.8380279380370612,10.999660333797648
-0.010422145642876357,0.5520716062360396,1.0,4.262816917557442
1.0,-1.0,-0.14278540425720632,-7.740856442935834
0.2542172923377499,0.1247692244823837,-1.0,-2.815354956625325
-0.47918974929036495,1.0,0.6062379452985169,6.621340425833395
0.9128991491534317,-1.0,0.17832485812572685,-5.488646268481486
-0.3987702583912005,0.1358940340846153,1.0,2.2008794334649653
1.0,0.8189521167397158,1.0,25.726799358938926
0.9298852235192203,0.6316393382460255,-0.5199884244519497,3.7357283771963843
-1.0,0.3954932936949782,-0.314167813384302,-2.3142866336079138
1.0,1.0,-0.2406485861343577,15.993849582757603
1.0,-0.8594474400623686,0.4032162949496132,-0.3292036335428177
-1.0,-1.0,-0.4132792184419467,5.104252393178247
-0.1420363997790659,0.7458988378627986,-1.0,-3.7453309409619404
-0.228267893673767,0.41719820894020354,0.9456430349348017,1.821970191930365
0.3751775296567845,-0.5073376591567038,0.7577945765156611,0.028706231307028485
-0.32033506209619045,-1.0,-0.2191899785536242,3.07919646306565
0.19662969076057202,0.13698155758014874,-0.47952401540434697,1.1983493511977212
0.12000692099411525,-1.0,1.0,-7.495680157482975
-0.03046419048477844,1.0,1.0,12.684537475624246
-1.0,-0.1666091353035053,0.3387776189014473,-2.7825314620012698
-1.0,-0.6686440934111235,0.5818700814485283,4.240778952555149
-0.1338181357488244,-0.5339749623646577,1.0,-1.8192123309589898
0.9115229262935787,0.2457047454977972,0.38325942023994664,4.960851693239642
1.0,-0.244343742702968,-0.0016850229334766098,4.535980201876232
0.9390753849848705,-0.19391051380589652,0.2717260602520659,2.935423439492051
0.428369964362719,0.06431149749019904,-0.4425976797813824,1.8216796124960153
0.3329154959550604,1.0,0.7398629341485159,9.143830762728314
-0.20791896769064167,0.07193687711522001,0.6737564225869157,0.2612135062462114
-0.03315561741071549,-1.0,0.40751485386512076,0.7094507204992306
1.0,-0.9287611881010249,-0.9811940358868296,-16.719172422707416
0.2691346783127069,-0.13364747619216666,-1.0,-2.9276577439839535
0.24994527953629464,0.4522631666043284,-0.7079726209748458,-0.4362227212250265
0.7115399446920019,0.42131515282904863,-1.0,0.37908889312143146
-0.5805832533705777,0.4951597745239469,1.0,4.349296403700423
0.852505857085565,1.0,1.0,17.70360559275825
-1.0,-0.04142537837889693,0.2558098613853601,-3.976712107047882
-0.029849332129540995,0.46439513426915546,0.6593318187153565,1.561626446732956
-1.0,1.0,0.4055962759814735,3.1734227818580116
-1.0,0.6015786828052534,1.0,6.20717048087988
-0.42775708178671756,0.8381768111294767,1.0,9.9159999065647
0.26828762540144657,0.9870959274725022,-0.4560654504009365,9.320299449879009
-0.2391557870682226,1.0,0.39271388548281205,7.915396766513123
0.12488969498059488,0.519673205360252,-0.7995045966900605,-1.1687061236405676
-0.09003588148570785,1.0,-0.35403207781630086,9.215635628590979
0.24222437477795844,-0.6242167299103387,1.0,-3.2415311117254837
0.2755855542950585,-0.8987072542100025,-1.0,-14.325994544339274
-0.2577269501298727,1.0,0.9731497527432613,14.209193911867636
-0.5241643863856595,-0.9307313473371022,1.0,0.11262584893791938
-0.905261466593897,-1.0,-0.1386783788211381,6.790889272301326
1.0,-0.6457239477388592,-0.2510138430377886,2.7800560127801024
0.3164351142606745,-0.3341467153132085,-0.36085612713606907,1.6115071623524995
0.3899135173700683,-0.4197878778317352,0.9009583906921281,-1.311686751103245
1.0,-1.0,1.0,-10.064824330985514
0.21658779244477566,0.7556877397494395,0.09690623186002756,1.7289223239113503
-0.1698189508562047,0.11216765664478778,-0.5332174972177173,0.6129671936414705
0.19713680676619205,-0.584764315688955,0.7210109846212982,0.13531810178759734
1.0,1.0,-1.0,39.0305414808021
-0.38659470930656026,0.616758231357484,0.33166950796789885,-1.113223942607089
-0.23404449855871712,-0.44994302705683076,0.7872644732093532,-0.3767188515225281
-0.9107125639821485,-0.1159999000726355,-0.6131988543258571,0.5931415336084601
-1.0,0.6675757260092579,0.8063864506330956,-1.639485794335622
0.3834600031532258,1.0,-0.48530752783071307,10.86427892246802
-0.2625155293415753,-0.85350779323575,1.0,-2.0421364225582153
0.9673935237675015,-0.5813173520142516,-0.15920868663296783,2.6452694501558125
0.15394150948455176,0.2230061152125713,-1.0,-3.5200589259146304
0.5257950570766616,-0.23587318591756623,0.32365271460467127,0.9723159281754408
0.9415777219360191,0.39316706147126634,0.1402240725039332,5.919089753152679
-0.4001348369807174,-0.14941714545406604,0.38237802346796146,-0.17829800675591917
0.03708976733959912,-0.6685024217903481,-0.7869692749100599,-1.2733207787559193
-0.7475771053998133,0.5465026642646014,1.0,4.598868996640049
-0.051358721874697366,0.22541175279254277,-0.15301275372387146,-0.06788622963668212
0.4492754379348525,-0.9033997665691591,0.6702202432114375,-0.5190133092824754
-1.0,-0.06416507058147625,1.0,4.802089160046067
0.24369125050419438,0.10229914683531138,0.05427629494987718,0.7959410826207605
-0.3340479278629016,0.16935793109150898,0.5010430943149957,-1.1832959670398842
-1.0,1.0,-0.150687644946347,9.373010602793348
0.31151614365140645,0.36976448872522805,0.2530610048046955,0.2817692613783499
-1.0,0.25887879583427664,0.8451886943261977,-2.4146114035634647
1.0,0.8732655559378706,-1.0,24.441128272077318
0.24040245251464576,0.1453843409892155,-1.0,-3.1169909132345985
-0.17029082202668278,1.0,-0.07269826550888925,7.431490016459004
-1.0,-0.7060222328724945,0.6558294995311242,6.334567020599321
1.0,-1.0,0.2769594546145939,-7.132723161577151
-1.0,0.01200695600834889,0.26121183247972235,-4.310689062546761
0.12165175144129847,0.6086904624656597,-0.48928091579430055,1.174037111862035
-0.8279556525943872,0.0260458542736568,-0.5518633036306455,-1.3916083683014548
-0.3643929456789172,-1.0,-0.10369822477478907,3.42705850134352
1.0,-1.0,0.10268584951830606,-8.391012967967054
-0.3346431752469752,-0.1502940599152176,-1.0,-1.9055542025315177
0.47505719167291693,0.9516211025128827,-0.15520547280493102,6.810003746898227
0.42625094610973213,1.0,-0.06572384629544747,8.486674786220602
0.04133167065266097,-0.12529336106496602,-1.0,-4.165874497628195
0.6614033296764574,-1.0,1.0,-7.285042906730897
-0.8703540160767667,-0.9770583696325024,-1.0,-0.27042223521807124
0.4379910860450893,-1.0,-0.23677068367872622,0.30761234360409245
-0.4468248517850053,0.009905973578893335,-0.547065368785143,-0.3098284866309548
-0.2680416302143849,0.04069783158758322,0.49257330000592625,0.16460250318273453
0.015299078068003125,-0.1858087057355422,1.0,-0.9997609122319246
-0.2780742777490204,-0.3609654525861077,-0.8756399384423417,-0.3251606347693232
-0.7600009937351939,0.6419144384393372,0.5021810451768054,-2.4824955059344465
-0.5905587382952249,0.36618427032826784,-0.626814058930327,-0.5927616769370713
-1.0,1.0,-0.06449293670276623,8.981842576121739
-1.0,0.4649278220863218,-0.7863807447170903,6.508050407805687
0.9350884150835519,0.11887174454046057,-1.0,5.339826022028479
-0.532395036855108,-0.010980403692016694,0.108758649349745,-0.4011158163680837
-0.8953101734453195,-0.5026460463370841,0.23597717053851963,0.8885012620906321
1.0,0.659165504413282,0.3912997090668353,8.987626959203267
-0.5684411193494971,0.46891834791572373,-0.5694586294530612,-1.4947775118271984
-0.32659265928067516,-0.5507997879942539,0.8623117330871375,0.48609160759387404
0.5081192267121091,-0.20910028579948858,1.0,-1.2801399610439197
0.0933266821175256,-0.4739928853904183,0.358155760497475,1.1571428107455812
-1.0,-0.36220495585818613,0.020310451853174705,-3.0138128461115823
0.6764785999883702,-0.3872641937035053,0.600723820970541,1.118163054513066
